"–ß—Ç–æ–±—ã –≤–æ—Å–ø–æ–ª—å–∑–æ–≤–∞—Ç—å—Å—è —à–∞–±–ª–æ–Ω–∞–º–∏, –≤–∞–º –Ω—É–∂–Ω–æ —Å–∫–æ–ø–∏—Ä–æ–≤–∞—Ç—å —Å–µ–±–µ –¥–æ–∫—É–º–µ–Ω—Ç —á–µ—Ä–µ–∑: –§–∞–π–ª/–°–æ–∑–¥–∞—Ç—å –∫–æ–ø–∏—é",,,,,,,,,,
–°—Å—ã–ª–∫–∞ –Ω–∞ –º–∞—Ç–µ—Ä–∏–∞–ª—ã –∫—É—Ä—Å–∞,–ü—Ä–∏–º–µ—Ä –≤—ã–ø–æ–ª–Ω–µ–Ω–∏—è –¥—Ä —É—á–µ–Ω–∏–∫–º –∫—É—Ä—Å–∞ ,,,,,,,,,
–°–í–ï–¢–û–§–û–† + –ü–õ–ê–ù –ê–ë–í–ì,üü¢ –ü–õ–ê–ù –ê (–∏–¥–µ–∞–ª—å–Ω—ã–π),,,üü† –ü–õ–ê–ù –ë (–∫–æ–º–ø—Ä–æ–º–∏—Å—Å–Ω—ã–π),,,üîò –ü–õ–ê–ù –í (–∑–∞–ø–∞—Å–Ω–æ–π),‚õîÔ∏è –ü–õ–ê–ù –ì (–∫—Ä–∞–π–Ω–∏–π —Å–ª—É—á–∞–π),–ò–ù–°–¢–†–£–ö–¶–ò–Ø –î–õ–Ø –ë–ê–î–ò (—Å–ø–∏—Å–æ–∫ –Ω–∞–≤–æ–¥—è—â–∏—Ö –≤–æ–ø—Ä–æ—Å–æ–≤),–î–æ–ø–æ–ª–Ω–∏—Ç–µ–ª—å–Ω—ã–µ –≤–æ–ø—Ä–æ—Å—ã
,"–í—Å—ë, –æ—Ç —á–µ–≥–æ –ø—Ä—ë—Ç. –≠—Ç–æ ‚Äî¬†–≤–∞—à–∞ –∏–¥–µ–∞–ª—å–Ω–∞—è –∫–∞—Ä—å–µ—Ä–∞.
–ü—Ä–µ–∂–¥–µ —á–µ–º –∑–∞–ø–æ–ª–Ω—è—Ç—å, –≤—ã–±–µ—Ä–∏—Ç–µ 1 –∏–∑ —Ü–µ–ª–µ–π:

1. –í—ã –º–æ–∂–µ—Ç–µ –∏—Å–ø–æ–ª—å–∑–æ–≤–∞—Ç—å –ü–ª–∞–Ω –ê –¥–ª—è –ø–æ–∏—Å–∫–∞ –∏–¥–µ–∞–ª—å–Ω–æ–π —Ä–∞–±–æ—Ç—ã –∑–¥–µ—Å—å –∏ —Å–µ–π—á–∞—Å, —á—Ç–æ–±—ã —Ñ–æ–∫—É—Å–∏—Ä–æ–≤–∞—Ç—å—Å—è —Ç–æ–ª—å–∫–æ –Ω–∞ –≥–ª–∞–≤–Ω–æ–º –∏ –Ω–µ —Ç—Ä–∞—Ç–∏—Ç—å –≤—Ä–µ–º—è –Ω–∞ –∫–æ–º–ø—Ä–æ–º–∏—Å—Å—ã.

2. –õ–∏–±–æ, –≤—ã –º–æ–∂–µ—Ç–µ –ø—Ä–æ–ø–∏—Å–∞—Ç—å —Ç—É—Ç —Å–≤–æ—ë –∫–∞—Ä—å–µ—Ä–Ω–æ–µ –±—É–¥—É—â–µ–µ, –∞ —Ä–∞–±–æ—Ç—É –∏—Å–∫–∞—Ç—å –ø–æ –ø–ª–∞–Ω—É –ë, –æ—Ä–∏–µ–Ω—Ç–∏—Ä—É—è—Å—å –Ω–∞ –¥–æ–ª–≥–æ—Å—Ä–æ—á–Ω—É—é —Ü–µ–ª—å –ü–ª–∞–Ω–∞ –ê. –¢–æ –µ—Å—Ç—å, –≤—ã –±—É–¥–µ—Ç–µ —É—á–∏—Ç—ã–≤–∞—Ç—å, –∫–∞–∫–æ–π –æ–ø—ã—Ç, –∫–∞–∫–∏–µ –Ω–∞–≤—ã–∫–∏ –≤—ã –ø–æ–ª—É—á–∏—Ç–µ –≤ –ø–ª–∞–Ω–µ –ë, —á—Ç–æ–±—ã –≤ –¥–∞–ª—å–Ω–µ–π—à–µ–º –ø—Ä–∏–±–ª–∏–∑–∏—Ç—å—Å—è –∫ –∏–¥–µ–∞–ª—É –ü–ª–∞–Ω–∞ –ê.        ",,,"–ö–æ–º–ø—Ä–æ–º–∏—Å—Å, –Ω–æ —Ä–∞–±–æ—á–∏–π.
–ü—Ä–µ–∂–¥–µ —á–µ–º –∑–∞–ø–æ–ª–Ω—è—Ç—å –≤—ã–±–µ—Ä–∏—Ç–µ 1 –∏–∑ —Ü–µ–ª–µ–π:

1. –í–∞—à –ü–ª–∞–Ω –ë ‚Äî —ç—Ç–æ —Ç–æ, –Ω–∞ —á—Ç–æ –≥–æ—Ç–æ–≤—ã —Å–æ–≥–ª–∞—Å–∏—Ç—å—Å—è, –ø—Ä–∏ –ø—Ä–æ—á–∏—Ö —Ä–∞–≤–Ω—ã—Ö. –û—Å–æ–±–µ–Ω–Ω–æ, –∫–æ–≥–¥–∞ –¥–µ–¥–ª–∞–π–Ω –ø–æ–¥–∂–∏–º–∞–µ—Ç

2. –õ–∏–±–æ –≤–∞—à –ü–ª–∞–Ω –ë ‚Äî¬†—ç—Ç–æ —Ç–æ —á—Ç–æ –ø–µ—Ä—Å–ø–µ–∫—Ç–∏–≤–Ω–æ –∏ –≤—ã–≥–ª—è–¥–∏—Ç –∫–∞–∫ –ø—Ä–∞–≤–∏–ª—å–Ω–∞—è —Å—Ç—É–ø–µ–Ω—å –∫ –∏–¥–µ–∞–ª—å–Ω–æ–π –∫–∞—Ä—å–µ—Ä–µ. 
–¢–æ –µ—Å—Ç—å —ç—Ç–∞ —Ä–∞–±–æ—Ç–∞ –æ—á–µ–≤–∏–¥–Ω–æ –±—É–¥–µ—Ç –≤–∞—Å –∫–∞–∫–∏–º-—Ç–æ –æ–±—Ä–∞–∑–æ–º –¥–≤–∏–≥–∞—Ç—å –∫ –ø–ª–∞–Ω—É –ê.",,,"–õ—é–±–æ–π —Å–ø–æ—Å–æ–± –∑–∞—Ä–∞–±–æ—Ç–∫–∞ –¥–µ–Ω–µ–≥, –∫–æ—Ç–æ—Ä—ã–π –≤–∞–º –ø–æ–¥—Ö–æ–¥–∏—Ç

‚Äî –ß—Ç–æ –≤—ã –±—É–¥–µ—Ç–µ –¥–µ–ª–∞—Ç—å, –µ—Å–ª–∏ —É –≤–∞—Å –ø—Ä—è–º –∑–∞–∫–æ–Ω—á–∞—Ç—Å—è –¥–µ–Ω—å–≥–∏, –∞ —Ä–∞–±–æ—Ç—ã –ø–æ –ø—Ä–æ—Ñ–µ—Å—Å–∏–∏ –Ω–µ –±—É–¥–µ—Ç
‚Äî¬†–ü–æ–π–¥—ë—Ç–µ —Ä–∞–±–æ—Ç–∞—Ç—å –∫ –¥—Ä—É–∑—å—è–º?
‚Äî –û—Ç–∫—Ä–æ–µ—Ç–µ –∫–æ–Ω—Å–∞–ª—Ç–∏–Ω–≥?
‚Äî –ü–æ–π–¥—ë—Ç–µ –≤ —É–±–µ—Ä —Ç–∞–∫—Å–∏—Å—Ç–æ–º?
–õ—é–±—ã–µ –≤–∞—Ä–∏–∞–Ω—Ç—ã —Ö–æ—Ä–æ—à–∏, –∫–æ–≥–¥–∞ —Å–∏—Ç—É–∞—Ü–∏—è —Å–ª–æ–∂–Ω–∞—è. 
–ó–∞–ø–∏—à–∏—Ç–µ, –∞ —è –≤–∞–º –∂–µ–ª–∞—é, —á—Ç–æ–±—ã —ç—Ç–æ–≥–æ –Ω–µ —Å–ª—É—á–∏–ª–æ—Å—å.","–ù–∏–∫–æ–≥–¥–∞ –∏ –Ω–∏ –∑–∞ —á—Ç–æ

‚Äî –ü–∏—à–∏—Ç–µ —Ç—É—Ç –≤—Å–µ —Å–≤–æ–∏ –∫—Ä–∞—Å–Ω—ã–µ —Ñ–ª–∞–≥–∏ —Ä–∞–±–æ—Ç–æ–¥–∞—Ç–µ–ª—è
‚Äî –≠—Ç–æ —Ç–∞–∫–∞—è —Ä–∞–±–æ—Ç–∞, –Ω–∞ –∫–æ—Ç–æ—Ä—É—é –≤—ã –Ω–µ —Å–æ–≥–ª–∞—Å–∏—Ç–µ—Å—å –Ω–∏–∫–æ–≥–¥–∞ –∏ –Ω–∏ –∑–∞ —á—Ç–æ. –õ—É—á—à–µ –ø–æ–π–¥—ë—Ç–µ –¥–≤–æ—Ä–Ω–∏–∫–æ–º —Ä–∞–±–æ—Ç–∞—Ç—å. 
‚Äî –ó–∞–ø–∏—à–∏—Ç–µ –≤—Å—ë, —á—Ç–æ –≤—ã —Ç–æ—á–Ω–æ –Ω–∏–∫–æ–≥–¥–∞ –Ω–µ —Ö–æ—Ç–∏—Ç–µ, —á—Ç–æ–±—ã –≤ –±—É–¥—É—â–µ–º –Ω–µ —Ç—Ä–∞—Ç–∏—Ç—å —Å–≤–æ—ë –≤—Ä–µ–º—è –Ω–∞ —Ä–∞–±–æ—Ç–æ–¥–∞—Ç–µ–ª–µ–π, —É –∫–æ—Ç–æ—Ä—ã—Ö –µ—Å—Ç—å —ç—Ç–∏ –∫—Ä–∞—Å–Ω—ã–µ —Ñ–ª–∞–≥–∏","‚Äî –ó–∞–¥–∞–≤–∞–π—Ç–µ –æ—Ç–∫—Ä—ã—Ç—ã–µ –≤–æ–ø—Ä–æ—Å—ã (–Ω–∞—á–∏–Ω–∞—é—â–∏–µ—Å—è —Å ""—á—Ç–æ"", ""–∫–∞–∫"", ""–ø–æ—á–µ–º—É"")
‚Äî –ü—Ä–æ—è–≤–ª—è–π—Ç–µ –∏—Å–∫—Ä–µ–Ω–Ω–∏–π –∏–Ω—Ç–µ—Ä–µ—Å –∫ —Å—Ç—Ä–∞—Ç–µ–≥–∏–∏ —Å–æ–±–µ—Å–µ–¥–Ω–∏–∫–∞
‚Äî –ü–æ–º–æ–≥–∞–π—Ç–µ –ø–∞—Ä—Ç–Ω–µ—Ä—É –≥–ª—É–±–∂–µ –∫–æ–ø–∞—Ç—å, –µ—Å–ª–∏ –æ—Ç–≤–µ—Ç—ã –ø–æ–≤–µ—Ä—Ö–Ω–æ—Å—Ç–Ω—ã
‚Äî –ù–µ –∫—Ä–∏—Ç–∏–∫—É–π—Ç–µ, –Ω–µ –æ—Ü–µ–Ω–∏–≤–∞–π—Ç–µ, –Ω–µ —Å–æ–≤–µ—Ç—É–π—Ç–µ - —Ç–æ–ª—å–∫–æ —Å–ª—É—à–∞–π—Ç–µ, –∑–∞–¥–∞–≤–∞–π—Ç–µ –≤–æ–ø—Ä–æ—Å—ã –∏ –¥–µ–ª–∏—Ç–µ—Å—å –Ω–∞–±–ª—é–¥–µ–Ω–∏—è–º–∏
‚Äî –ó–∞–ø–∏—Å—ã–≤–∞–π—Ç–µ –∫–ª—é—á–µ–≤—ã–µ –º–æ–º–µ–Ω—Ç—ã, –∏–¥–µ–∏ –∏ –≤–æ–ø—Ä–æ—Å—ã, –∫–æ—Ç–æ—Ä—ã–µ –≤–æ–∑–Ω–∏–∫–∞—é—Ç –ø–æ —Ö–æ–¥—É
‚Äî –û–±—Ä–∞—â–∞–π—Ç–µ –≤–Ω–∏–º–∞–Ω–∏–µ –Ω–∞ –ø—Ä–æ—Ç–∏–≤–æ—Ä–µ—á–∏—è –≤ —Å—Ç—Ä–∞—Ç–µ–≥–∏–∏ –∏ –º—è–≥–∫–æ —É–∫–∞–∑—ã–≤–∞–π—Ç–µ –Ω–∞ –Ω–∏—Ö
‚Äî –ü–æ–º–æ–≥–∞–π—Ç–µ –ø—Ä–æ–≤–µ—Ä—è—Ç—å —Ä–µ–∞–ª–∏—Å—Ç–∏—á–Ω–æ—Å—Ç—å –ø–ª–∞–Ω–æ–≤",
–¶–µ–ª—å –∏ –¥–µ–¥–ª–∞–π–Ω,"–¶–µ–ª—å 1: –ú–æ–π –ü–ª–∞–Ω –ê ‚Äî –º–æ—è –æ—Å–Ω–æ–≤–Ω–∞—è —Å—Ç—Ä–∞—Ç–µ–≥–∏—è –ø–æ–∏—Å–∫–∞ —Ä–∞–±–æ—Ç—ã.
–Ø –±—É–¥—É –ø—Ä–æ–±–æ–≤–∞—Ç—å –Ω–∞–π—Ç–∏ —Ä–∞–±–æ—Ç—É –ø–æ —ç—Ç–æ–º—É –ø–ª–∞–Ω—É –¥–æ –î–ê–¢–ê, –∞ –ø–æ—Ç–æ–º –ø—Ä–∏—Å—Ç—É–ø–ª—é –ø–ª–∞–Ω—É –ë

–¶–µ–ª—å 2: –ú–æ–π –ü–ª–∞–Ω –ê ‚Äî¬†—ç—Ç–æ –¥–æ–ª–≥–æ—Å—Ä–æ—á–Ω–∞—è –∫–∞—Ä—å–µ—Ä–Ω–∞—è —Å—Ç—Ä–∞—Ç–µ–≥–∏—è. –Ø –¥–∞—é —Å–µ–±–µ –≤—Ä–µ–º—è –Ω–∞ –¥–æ—Å—Ç–∏–∂–µ–Ω–∏–µ –ü–ª–∞–Ω–∞ –ê ‚Äî –¥–æ –î–ê–¢–ê, –∞ –ø–æ–∫–∞ –±—É–¥—É –∏—Å–∫–∞—Ç—å —Ä–∞–±–æ—Ç—É –ø–æ –ü–ª–∞–Ω—É –ë.",,,"–¶–µ–ª—å 1: –ú–æ–π –ü–ª–∞–Ω –ë ‚Äî –≤—ã–Ω—É–∂–¥–µ–Ω–Ω–∞—è —Å—Ç—Ä–∞—Ç–µ–≥–∏—è –ø–æ–∏—Å–∫–∞. 
–ï—Å–ª–∏ —è –¥–æ –î–ê–¢–ê –Ω–µ –Ω–∞–π–¥—É —Ä–∞–±–æ—Ç—É –ø–æ –ü–ª–∞–Ω—É –ê, —Ç–æ–≥–¥–∞ —è –ø–µ—Ä–µ–∫–ª—é—á—É—Å—å –Ω–∞ –ü–ª–∞–Ω –ë, –∫–∞–∫ –±–æ–ª–µ–µ –ø—Ä–æ—Å—Ç–æ–π –∏ –ø–æ–Ω—è—Ç–Ω—ã–π. –ù–∞–ø—Ä–∏–º–µ—Ä, –∑–∞–¥–∞—á–∏ –±—É–¥—É—Ç –Ω–µ –æ–∫ –∏ –∑–∞—Ä–ø–ª–∞—Ç–∞ –Ω–µ –≤–∞—É, –Ω–æ —è –ø—Ä–∏–º—É –æ—Ñ—Ñ–µ—Ä –∏ –ø—Ä–æ–¥–æ–ª–∂—É –∏—Å–∫–∞—Ç—å –ª—É—á—à—É—é —Ä–∞–±–æ—Ç—É –ø–æ –ü–ª–∞–Ω—É –ê.

–¶–µ–ª—å 2: –ú–æ–π –ü–ª–∞–Ω –ë ‚Äî –æ—Å–Ω–æ–≤–Ω–∞—è —Å—Ç—Ä–∞—Ç–µ–≥–∏—è –ø–æ–∏—Å–∫–∞ —Ä–∞–±–æ—Ç—ã –∑–¥–µ—Å—å –∏ —Å–µ–π—á–∞—Å, –ø–æ—Ç–æ–º—É —á—Ç–æ –¥–ª—è –¥–æ—Å—Ç–∏–∂–µ–Ω–∏—è –ü–ª–∞–Ω–∞ –ê –º–Ω–µ –Ω—É–∂–Ω–æ –µ—â—ë –ø–æ–ª—É—á–∏—Ç—å –±–æ–ª—å—à–µ –æ–ø—ã—Ç–∞, –Ω–∞–≤—ã–∫–æ–≤. ",,,"–°–∫–æ–ª—å–∫–æ —É –º–µ–Ω—è —Ä–µ–∞–ª—å–Ω–æ –µ—Å—Ç—å –≤—Ä–µ–º–µ–Ω–∏ –Ω–∞ –ø–æ–∏—Å–∫ —Ä–∞–±–æ—Ç—ã —Ö–æ—Ç—è –±—ã –ø–æ –ü–ª–∞–Ω—É –ë? 
–ö–∞–∫–æ–π –º–æ–π —Ä–µ–∞–ª—å–Ω—ã–π –¥–µ–¥–ª–∞–π–Ω –Ω–∞ –ø–æ–∏—Å–∫ —Ä–∞–±–æ—Ç—ã?
–ö–æ–≥–¥–∞ —É –º–µ–Ω—è –∑–∞–∫–æ–Ω—á–∞—Ç—Å—è –¥–µ–Ω—å–≥–∏ –∏ —è –±–æ–ª—å—à–µ –Ω–µ —Å–º–æ–≥—É —Å–µ–±–µ –ø–æ–∑–≤–æ–ª–∏—Ç—å –∏—Å–∫–∞—Ç—å —Ä–∞–±–æ—Ç—É?",,,
"–°–∫–æ–ª—å–∫–æ —É –º–µ–Ω—è –µ—Å—Ç—å –≤—Ä–µ–º–µ–Ω–∏, —á—Ç–æ–±—ã –ø—ã—Ç–∞—Ç—å—Å—è –¥–æ—Å—Ç–∏–≥–Ω—É—Ç—å –º–æ—é —Ü–µ–ª—å","–¶–µ–ª—å: –¥–æ–ª–≥–æ—Å—Ä–æ—á–Ω–∞—è —Å—Ç—Ä–∞—Ç–µ–≥–∏—è
–î–µ–¥–ª–∞–π–Ω: 3 –º–µ—Å—è—Ü–∞",,,"–¶–µ–ª—å: 
–î–µ–¥–ª–∞–π–Ω:",,,–ö—Ä–∏—Ç–∏—á–Ω—ã–π –¥–µ–¥–ª–∞–π–Ω: 6 –º–µ—Å,,,
–ß—Ç–æ —è —Ö–æ—á—É –¥–µ–ª–∞—Ç—å –Ω–∞ –Ω–æ–≤–æ–π —Ä–∞–±–æ—Ç–µ,,,,,,,,–ß—Ç–æ —è –ù–ï —Ö–æ—á—É –¥–µ–ª–∞—Ç—å,–í–æ–ø—Ä–æ—Å—ã –¥–ª—è –æ–Ω–ª–∞–π–Ω-–ø—Ä–∞–∫—Ç–∏–∫–∏ ,"–í–æ–ø—Ä–æ—Å—ã, –∫–æ—Ç–æ—Ä—ã–π –º–æ–∂–Ω–æ –∑–∞–¥–∞—Ç—å –Ω–∞ one-to-one –ø—Ä–∞–∫—Ç–∏–∫–µ"
–ö–∞–∫—É—é –¥–æ–ª–∂–Ω–æ—Å—Ç—å –∏–ª–∏ —Ä–æ–ª—å —è —Ö–æ—á—É –∑–∞–Ω–∏–º–∞—Ç—å,,,,,,,,,—Å —É—á—ë—Ç–æ–º –∫–æ—Ä–æ—Ç–∫–æ–≥–æ —Ç–∞–π–º–∏–Ω–≥–∞ (70 –º–∏–Ω –Ω–∞ –≤—Å—é –ø—Ä–∞–∫—Ç–∏–∫—É),–í —ç—Ç–æ–º —Å–ª—É—á–∞–µ –∑–∞–∫–ª–∞–¥—ã–≤–∞–π—Ç–µ 2 —á–∞—Å–∞ –Ω–∞ –æ–±–æ—é–¥–Ω—É—é –ø—Ä–∞–∫—Ç–∏–∫—É
–ö–∞–∫–æ–π –≥—Ä–µ–π–¥ –∏–ª–∏ –∑–æ–Ω—É –æ—Ç–≤–µ—Ç—Å—Ç–≤–µ–Ω–Ω–æ—Å—Ç–∏ —è —Å–µ–±–µ —Ö–æ—á—É,,,,,,,,,"–î–ª—è –°–≤–µ—Ç–æ—Ñ–æ—Ä–∞: 
‚Äî –ö–∞–∫–∏–µ –∫—Ä–∏—Ç–µ—Ä–∏–∏ –±—ã–ª–∏ —Å–∞–º—ã–º–∏ —Å–ª–æ–∂–Ω—ã–º–∏ –¥–ª—è —Ä–∞—Å–ø—Ä–µ–¥–µ–ª–µ–Ω–∏—è?
‚Äî –ü–æ—á–µ–º—É –∏–º–µ–Ω–Ω–æ —ç—Ç–∏ –∫—Ä–∏—Ç–µ—Ä–∏–∏ –ø–æ–ø–∞–ª–∏ –≤ –∑–µ–ª–µ–Ω—É—é –∑–æ–Ω—É?
‚Äî –ï—Å—Ç—å –ª–∏ –ø—Ä–æ—Ç–∏–≤–æ—Ä–µ—á–∏—è –º–µ–∂–¥—É –∫—Ä–∏—Ç–µ—Ä–∏—è–º–∏ –≤ –∑–µ–ª–µ–Ω–æ–π –∑–æ–Ω–µ? –ù–∞–ø—Ä–∏–º–µ—Ä, –∂–µ–ª–∞–Ω–∏–µ –≤—ã—Å–æ–∫–æ–π –∑–∞—Ä–ø–ª–∞—Ç—ã –∏ —Å–ø–æ–∫–æ–π–Ω–æ–π —Ä–∞–±–æ—Ç—ã.
‚Äî –ö–∞–∫–∏–µ –∏–∑ –∂–µ–ª—Ç—ã—Ö –∫—Ä–∏—Ç–µ—Ä–∏–µ–≤ –º–æ–≥—É—Ç –ø—Ä–∏ –æ–ø—Ä–µ–¥–µ–ª–µ–Ω–Ω—ã—Ö —É—Å–ª–æ–≤–∏—è—Ö –ø–µ—Ä–µ–π—Ç–∏ –≤ –∫—Ä–∞—Å–Ω—É—é –∑–æ–Ω—É?
‚Äî –ü–æ –∫–∞–∫–∏–º –∫—Ä–∏—Ç–µ—Ä–∏—è–º —Ç—ã —Ç–æ—á–Ω–æ –≥–æ—Ç–æ–≤(–∞) –∏–¥—Ç–∏ –Ω–∞ –∫–æ–º–ø—Ä–æ–º–∏—Å—Å –∏ –ø–æ—á–µ–º—É?","–î–ª—è –°–≤–µ—Ç–æ—Ñ–æ—Ä–∞
‚Äî –ï—Å–ª–∏ –±—ã —Ç–µ–±–µ –ø—Ä–∏—à–ª–æ—Å—å –≤—ã–±—Ä–∞—Ç—å —Ç–æ–ª—å–∫–æ —Ç—Ä–∏ –∑–µ–ª–µ–Ω—ã—Ö –∫—Ä–∏—Ç–µ—Ä–∏—è, –∫–∞–∫–∏–µ –±—ã —Ç—ã –æ—Å—Ç–∞–≤–∏–ª?
‚Äî –ü–æ –∫–∞–∫–∏–º –∂–µ–ª—Ç—ã–º –∫—Ä–∏—Ç–µ—Ä–∏—è–º —Ç—ã —Ç–æ—á–Ω–æ –≥–æ—Ç–æ–≤ –∏–¥—Ç–∏ –Ω–∞ –∫–æ–º–ø—Ä–æ–º–∏—Å—Å?
‚Äî –ë—ã–ª–∏ –ª–∏ —Å–ª—É—á–∞–∏, –∫–æ–≥–¥–∞ —Ç—ã –Ω–∞—Ä—É—à–∞–ª —Å–≤–æ–∏ ""–∫—Ä–∞—Å–Ω—ã–µ"" –∫—Ä–∏—Ç–µ—Ä–∏–∏? –ö –∫–∞–∫–∏–º –ø–æ—Å–ª–µ–¥—Å—Ç–≤–∏—è–º —ç—Ç–æ –ø—Ä–∏–≤–æ–¥–∏–ª–æ?"
–ö–∞–∫–∏–º–∏ —Ö–∞—Ä–¥–æ–≤—ã–º–∏ –∑–∞–¥–∞—á–∞–º–∏ –ø–æ –≤–∞—à–µ–π –ø—Ä–æ—Ñ–µ—Å—Å–∏–∏ –≤—ã —Ö–æ—Ç–∏—Ç–µ –∑–∞–Ω–∏–º–∞—Ç—å—Å—è,,,,,,,,,"–ü–æ ""–ü–ª–∞–Ω—É –ê"" (–∏–¥–µ–∞–ª—å–Ω–æ–º—É):
‚Äî –ù–∞—Å–∫–æ–ª—å–∫–æ —Ä–µ–∞–ª–∏—Å—Ç–∏—á–µ–Ω —Ç–≤–æ–π –ü–ª–∞–Ω –ê —Å —É—á–µ—Ç–æ–º —Ç–µ–∫—É—â–µ–≥–æ —Ä—ã–Ω–∫–∞ —Ç—Ä—É–¥–∞?
‚Äî –ö–∞–∫–∏–µ –∫–æ–Ω–∫—Ä–µ—Ç–Ω—ã–µ —à–∞–≥–∏ —Ç—ã –ø—Ä–µ–¥–ø—Ä–∏–Ω–∏–º–∞–µ—à—å –¥–ª—è –µ–≥–æ —Ä–µ–∞–ª–∏–∑–∞—Ü–∏–∏?
‚Äî –ß—Ç–æ –º–æ–∂–µ—Ç –ø–æ–º–µ—à–∞—Ç—å —Ä–µ–∞–ª–∏–∑–∞—Ü–∏–∏ —ç—Ç–æ–≥–æ –ø–ª–∞–Ω–∞?","‚Äî –ö–∞–∫–∏–µ –Ω–∞–≤—ã–∫–∏ –∏–ª–∏ –æ–ø—ã—Ç —Ç–µ–±–µ –Ω—É–∂–Ω–æ –ø–æ–ª—É—á–∏—Ç—å –¥–æ–ø–æ–ª–Ω–∏—Ç–µ–ª—å–Ω–æ –¥–ª—è —Ä–µ–∞–ª–∏–∑–∞—Ü–∏–∏ –ü–ª–∞–Ω–∞ –ê?
‚Äî –ó–Ω–∞–µ—à—å –ª–∏ —Ç—ã –ª—é–¥–µ–π, –∫–æ—Ç–æ—Ä—ã–µ —É–∂–µ –¥–æ—Å—Ç–∏–≥–ª–∏ —Ç–æ–≥–æ, –∫ —á–µ–º—É —Ç—ã —Å—Ç—Ä–µ–º–∏—à—å—Å—è –ø–æ –ü–ª–∞–Ω—É –ê? –ï—Å—Ç—å –ª–∏ —á—Ç–æ-—Ç–æ, —á—Ç–æ —Ç—ã –º–æ–∂–µ—à—å —É –Ω–∏—Ö –ø–µ—Ä–µ–Ω—è—Ç—å?
‚Äî –ï—Å–ª–∏ –±—ã —É —Ç–µ–±—è –±—ã–ª –Ω–µ–æ–≥—Ä–∞–Ω–∏—á–µ–Ω–Ω—ã–π –±—é–¥–∂–µ—Ç –Ω–∞ –æ–±—É—á–µ–Ω–∏–µ, —á—Ç–æ –±—ã —Ç—ã –æ—Å–≤–æ–∏–ª –¥–ª—è —É—Å–∏–ª–µ–Ω–∏—è –ü–ª–∞–Ω–∞ –ê?
‚Äî –ö–∞–∫ —Ç–≤–æ–π —Ç–µ–∫—É—â–∏–π –æ–ø—ã—Ç –∏ –Ω–∞–≤—ã–∫–∏ –ø–æ–º–æ–≥–∞—é—Ç –≤ —Ä–µ–∞–ª–∏–∑–∞—Ü–∏–∏ –ü–ª–∞–Ω–∞ –ê?"
–ú–æ–∂–µ—Ç –±—ã—Ç—å –≤—ã —Ö–æ—Ç–∏—Ç–µ —Ä–∞–±–æ—Ç–∞—Ç—å –≤ –∫–∞–∫–æ–π-—Ç–æ –∫–æ–Ω–∫—Ä–µ—Ç–Ω–æ–π —Å—Ñ–µ—Ä–µ,,,,,,,,,"–ü–æ ""–ü–ª–∞–Ω—É –ë"" (–∫–æ–º–ø—Ä–æ–º–∏—Å—Å–Ω–æ–º—É):
‚Äî –ö–∞–∫–∏–µ –∫–æ–º–ø—Ä–æ–º–∏—Å—Å—ã –¥–ª—è —Ç–µ–±—è –Ω–∞–∏–±–æ–ª–µ–µ –±–æ–ª–µ–∑–Ω–µ–Ω–Ω—ã?
‚Äî –ö–∞–∫ —Ç–≤–æ–π –ü–ª–∞–Ω –ë –º–æ–∂–µ—Ç –ø—Ä–∏–≤–µ—Å—Ç–∏ —Ç–µ–±—è –∫ –ü–ª–∞–Ω—É –ê –≤ –±—É–¥—É—â–µ–º?
‚Äî –ö–∞–∫ –¥–æ–ª–≥–æ —Ç—ã –≥–æ—Ç–æ–≤ —Ä–∞–±–æ—Ç–∞—Ç—å –ø–æ –ü–ª–∞–Ω—É –ë?","‚Äî –ß—Ç–æ –º–æ–∂–µ—Ç —Å–¥–µ–ª–∞—Ç—å –ü–ª–∞–Ω –ë –±–æ–ª–µ–µ –∏–Ω—Ç–µ—Ä–µ—Å–Ω—ã–º –∏ –ø—Ä–∏–≤–ª–µ–∫–∞—Ç–µ–ª—å–Ω—ã–º –¥–ª—è —Ç–µ–±—è?
‚Äî –ö–∞–∫–∏–µ –ø—Ä–µ–∏–º—É—â–µ—Å—Ç–≤–∞ –µ—Å—Ç—å —É –ü–ª–∞–Ω–∞ –ë –ø–æ —Å—Ä–∞–≤–Ω–µ–Ω–∏—é —Å –ü–ª–∞–Ω–æ–º –ê?
‚Äî –ö–∞–∫–∏–µ –Ω–∞–≤—ã–∫–∏ –∏–ª–∏ –æ–ø—ã—Ç —Ç—ã –º–æ–∂–µ—à—å –ø–æ–ª—É—á–∏—Ç—å, —Ä–µ–∞–ª–∏–∑—É—è –ü–ª–∞–Ω –ë?
‚Äî –ë—ã–ª –ª–∏ —É —Ç–µ–±—è –æ–ø—ã—Ç —Ä–∞–±–æ—Ç—ã –≤ —É—Å–ª–æ–≤–∏—è—Ö, –ø–æ—Ö–æ–∂–∏—Ö –Ω–∞ —Ç–≤–æ–π –ü–ª–∞–Ω –ë? –ö–∞–∫ —Ç—ã —Å–µ–±—è —á—É–≤—Å—Ç–≤–æ–≤–∞–ª, —Ä–∞–±–æ—Ç–∞—è –≤ —Ç–∞–∫–æ–º —Ñ–æ—Ä–º–∞—Ç–µ?
‚Äî –ï—Å–ª–∏ –±—ã —Ç–≤–æ–π –±–ª–∏–∑–∫–∏–π –¥—Ä—É–≥ –±—ã–ª –≤ —Ç–≤–æ–µ–π —Å–∏—Ç—É–∞—Ü–∏–∏, –ø–æ—Å–æ–≤–µ—Ç–æ–≤–∞–ª –±—ã —Ç—ã –µ–º—É –Ω–∞—á–∞—Ç—å —Å –ü–ª–∞–Ω–∞ –ë?"
–ú–æ–∂–µ—Ç –±—ã—Ç—å –≤—ã —Ö–æ—Ç–∏—Ç–µ –¥–µ–ª–∞—Ç—å –∫–∞–∫–∏–µ-—Ç–æ –∫–æ–Ω–∫—Ä–µ—Ç–Ω—ã–µ –ø—Ä–æ–¥—É–∫—Ç—ã,,,,,,,,,"–ü–æ ""–ü–ª–∞–Ω—É –í"" (–∑–∞–ø–∞—Å–Ω–æ–º—É):
‚Äî –í –∫–∞–∫–∏—Ö –æ–±—Å—Ç–æ—è—Ç–µ–ª—å—Å—Ç–≤–∞—Ö —Ç—ã –ø–µ—Ä–µ–π–¥–µ—à—å –∫ –ü–ª–∞–Ω—É –í?
‚Äî –ö–∞–∫ –¥–æ–ª–≥–æ —Ç—ã –≥–æ—Ç–æ–≤ –Ω–∞—Ö–æ–¥–∏—Ç—å—Å—è –≤ —Ä–∞–º–∫–∞—Ö –ü–ª–∞–Ω–∞ –í?
‚Äî –ö–∞–∫–∏–µ –Ω–∞–≤—ã–∫–∏ –∏–ª–∏ –æ–ø—ã—Ç —Ç—ã —Å–º–æ–∂–µ—à—å –ø–æ–ª—É—á–∏—Ç—å, —Ä–µ–∞–ª–∏–∑—É—è –ü–ª–∞–Ω –í?","‚Äî –ß—Ç–æ –º–æ–∂–µ—Ç —Å–¥–µ–ª–∞—Ç—å –ü–ª–∞–Ω –í –≤—Ä–µ–º–µ–Ω–Ω—ã–º —Ç—Ä–∞–º–ø–ª–∏–Ω–æ–º, –∞ –Ω–µ —Ç—É–ø–∏–∫–æ–º?
‚Äî –ö–∞–∫–∏–µ –≤–æ–∑–º–æ–∂–Ω–æ—Å—Ç–∏ –¥–ª—è –Ω–µ—Ç–≤–æ—Ä–∫–∏–Ω–≥–∞ –∏–ª–∏ –æ–±—É—á–µ–Ω–∏—è –µ—Å—Ç—å –≤ –ü–ª–∞–Ω–µ –í?
‚Äî –ö–∞–∫ —Ç—ã –ø–ª–∞–Ω–∏—Ä—É–µ—à—å –ø–æ–¥–¥–µ—Ä–∂–∏–≤–∞—Ç—å –º–æ—Ç–∏–≤–∞—Ü–∏—é, —Ä–∞–±–æ—Ç–∞—è –ø–æ –ü–ª–∞–Ω—É –í?
‚Äî –ï—Å–ª–∏ –±—ã —Ç—ã —É–∂–µ —Å–µ–π—á–∞—Å –æ–∫–∞–∑–∞–ª—Å—è –≤ —Å–∏—Ç—É–∞—Ü–∏–∏ –ü–ª–∞–Ω–∞ –í, –∫–∞–∫–∏–µ –ø–µ—Ä–≤—ã–µ —à–∞–≥–∏ —Ç—ã –±—ã –ø—Ä–µ–¥–ø—Ä–∏–Ω—è–ª?
‚Äî –ö–∞–∫–∏–µ —Ä–µ—Å—É—Ä—Å—ã (—Ñ–∏–Ω–∞–Ω—Å–æ–≤—ã–µ, —ç–º–æ—Ü–∏–æ–Ω–∞–ª—å–Ω—ã–µ, –≤—Ä–µ–º–µ–Ω–Ω—ã–µ) —Ç–µ–±–µ –Ω—É–∂–Ω—ã –¥–ª—è –∫–æ–º—Ñ–æ—Ä—Ç–Ω–æ–π —Ä–µ–∞–ª–∏–∑–∞—Ü–∏–∏ –ü–ª–∞–Ω–∞ –í?"
(–æ–ø—Ü–∏–æ–Ω–∞–ª—å–Ω–æ) –ú–æ–∂–µ—Ç –±—ã—Ç—å –≤—ã —Ö–æ—Ç–∏—Ç–µ —Ä–∞–±–æ—Ç–∞—Ç—å —Å –∫–∞–∫–æ–π-—Ç–æ –∫–æ–Ω–∫—Ä–µ—Ç–Ω–æ–π –∞—É–¥–∏—Ç–æ—Ä–∏–µ–π,,,,,,,,,"–ü–æ ""–ü–ª–∞–Ω—É –ì"" (–∫—Ä–∞–π–Ω–µ–º—É —Å–ª—É—á–∞—é):
‚Äî –ö–∞–∫–∏–µ –∫—Ä–∞—Å–Ω—ã–µ –ª–∏–Ω–∏–∏ —Ç—ã –Ω–µ –≥–æ—Ç–æ–≤ –ø–µ—Ä–µ—Å–µ–∫–∞—Ç—å –¥–∞–∂–µ –≤ —Å–∞–º–æ–π —Å–ª–æ–∂–Ω–æ–π —Å–∏—Ç—É–∞—Ü–∏–∏?
","‚Äî –ë—ã–ª –ª–∏ —É —Ç–µ–±—è –æ–ø—ã—Ç —Ä–∞–±–æ—Ç—ã –≤ —É—Å–ª–æ–≤–∏—è—Ö, –ø–æ—Ö–æ–∂–∏—Ö –Ω–∞ —Ç–≤–æ–π –ü–ª–∞–Ω –ì? –ö–∞–∫–∏–µ —É—Ä–æ–∫–∏ —Ç—ã –∏–∑–≤–ª–µ–∫?
‚Äî –ö–∞–∫–∏–µ –º–µ—Ä—ã –ø—Ä–µ–¥–æ—Å—Ç–æ—Ä–æ–∂–Ω–æ—Å—Ç–∏ —Ç—ã –º–æ–∂–µ—à—å –ø—Ä–∏–Ω—è—Ç—å —Å–µ–π—á–∞—Å, —á—Ç–æ–±—ã –º–∏–Ω–∏–º–∏–∑–∏—Ä–æ–≤–∞—Ç—å –≤–µ—Ä–æ—è—Ç–Ω–æ—Å—Ç—å –ø–µ—Ä–µ—Ö–æ–¥–∞ –∫ –ü–ª–∞–Ω—É –ì?"
–ú–æ–∂–µ—Ç –±—ã—Ç—å –≤–∞—Å –∏–Ω—Ç–µ—Ä–µ—Å—É—é—Ç –∫–æ–Ω–∫—Ä–µ—Ç–Ω—ã–µ —á–µ–ª–ª–µ–Ω–¥–∂–∏,,,,,,,,,,"–û–±—â–∏–µ –≤–æ–ø—Ä–æ—Å—ã –ø–æ —Å—Ç—Ä–∞—Ç–µ–≥–∏–∏
‚Äî –ö–∞–∫ —Ç–≤–æ—è —Ç–µ–∫—É—â–∞—è —Ä–∞–±–æ—Ç–∞ –ø–æ–º–æ–≥–∞–µ—Ç –∏–ª–∏ –º–µ—à–∞–µ—Ç —Ä–µ–∞–ª–∏–∑–∞—Ü–∏–∏ —Ç–≤–æ–∏—Ö –ø–ª–∞–Ω–æ–≤?
‚Äî –ö–∞–∫–∏–µ –∏–∑ —Ç–≤–æ–∏—Ö —Å–∏–ª—å–Ω—ã—Ö —Å—Ç–æ—Ä–æ–Ω –∫–∞–∫ –ø—Ä–æ—Ñ–µ—Å—Å–∏–æ–Ω–∞–ª–∞ –Ω–∞–∏–±–æ–ª–µ–µ –≤–æ—Å—Ç—Ä–µ–±–æ–≤–∞–Ω—ã –≤ –∫–∞–∂–¥–æ–º –∏–∑ –ø–ª–∞–Ω–æ–≤?
‚Äî –ö–∞–∫–∏–µ –∫–∞—Ä—å–µ—Ä–Ω—ã–µ –≤–æ–∑–º–æ–∂–Ω–æ—Å—Ç–∏ —Ç—ã –µ—â–µ –Ω–µ —Ä–∞—Å—Å–º–∞—Ç—Ä–∏–≤–∞–ª, –Ω–æ –æ–Ω–∏ –º–æ–≥–ª–∏ –±—ã —Ç–µ–±–µ –ø–æ–¥–æ–π—Ç–∏?
‚Äî –ö–∞–∫ —Ç–≤–æ–∏ –∫–∞—Ä—å–µ—Ä–Ω—ã–µ –ø–ª–∞–Ω—ã —Å–æ–≥–ª–∞—Å—É—é—Ç—Å—è —Å –¥—Ä—É–≥–∏–º–∏ —Å—Ñ–µ—Ä–∞–º–∏ —Ç–≤–æ–µ–π –∂–∏–∑–Ω–∏ (—Å–µ–º—å—è, —Ö–æ–±–±–∏, –∑–¥–æ—Ä–æ–≤—å–µ)?
‚Äî –ß—Ç–æ –º–æ–∂–µ—Ç –∑–∞—Å—Ç–∞–≤–∏—Ç—å —Ç–µ–±—è –ø–æ–ª–Ω–æ—Å—Ç—å—é –ø–µ—Ä–µ—Å–º–æ—Ç—Ä–µ—Ç—å —Å–≤–æ—é –∫–∞—Ä—å–µ—Ä–Ω—É—é —Å—Ç—Ä–∞—Ç–µ–≥–∏—é?
‚Äî –ö–∞–∫–∏–µ —Ç—Ä–µ–Ω–¥—ã –≤ —Ç–≤–æ–µ–π –ø—Ä–æ—Ñ–µ—Å—Å–∏–æ–Ω–∞–ª—å–Ω–æ–π –æ–±–ª–∞—Å—Ç–∏ –º–æ–≥—É—Ç –ø–æ–≤–ª–∏—è—Ç—å –Ω–∞ —Ä–µ–∞–ª–∏–∑–∞—Ü–∏—é —Ç–≤–æ–∏—Ö –ø–ª–∞–Ω–æ–≤?
‚Äî –ö–∞–∫—É—é —Ä–æ–ª—å –∏–≥—Ä–∞–µ—Ç –±–∞–ª–∞–Ω—Å —Ä–∞–±–æ—Ç—ã –∏ –ª–∏—á–Ω–æ–π –∂–∏–∑–Ω–∏ –≤ —Ç–≤–æ–µ–π –∫–∞—Ä—å–µ—Ä–Ω–æ–π —Å—Ç—Ä–∞—Ç–µ–≥–∏–∏?"
–ú–æ–∂–µ—Ç –±—ã—Ç—å –≤—ã —Ö–æ—Ç–∏—Ç–µ –ø–æ–ø—Ä–æ–±–æ–≤–∞—Ç—å —á—Ç–æ-—Ç–æ –Ω–æ–≤–æ–µ –≤ —Å–≤–æ–µ–π –ø—Ä–æ—Ñ–µ—Å—Å–∏–∏,,,,,,,,,,"–ó–∞–≤–µ—Ä—à–∞—é—â–∏–µ –≤–æ–ø—Ä–æ—Å—ã
‚Äî –ß—Ç–æ –∏–∑ –æ–±—Å—É–∂–¥–µ–Ω–Ω–æ–≥–æ —Å–µ–π—á–∞—Å –±—ã–ª–æ –¥–ª—è —Ç–µ–±—è –Ω–∞–∏–±–æ–ª–µ–µ –∏–Ω—Å–∞–π—Ç–Ω—ã–º –∏–ª–∏ —É–¥–∏–≤–∏—Ç–µ–ª—å–Ω—ã–º?
‚Äî –ï—Å—Ç—å –ª–∏ —á—Ç–æ-—Ç–æ, —á—Ç–æ –º—ã –Ω–µ –æ–±—Å—É–¥–∏–ª–∏, –Ω–æ —á—Ç–æ –∏–º–µ–µ—Ç –∑–Ω–∞—á–µ–Ω–∏–µ –¥–ª—è —Ç–≤–æ–µ–π –∫–∞—Ä—å–µ—Ä–Ω–æ–π —Å—Ç—Ä–∞—Ç–µ–≥–∏–∏?
‚Äî –ö–∞–∫–∏–µ 2-3 –∫–æ–Ω–∫—Ä–µ—Ç–Ω—ã—Ö —à–∞–≥–∞ —Ç—ã –ø—Ä–µ–¥–ø—Ä–∏–º–µ—à—å –ø–æ—Å–ª–µ –Ω–∞—à–µ–≥–æ –æ–±—Å—É–∂–¥–µ–Ω–∏—è –¥–ª—è –∫–æ—Ä—Ä–µ–∫—Ç–∏—Ä–æ–≤–∫–∏ –∏–ª–∏ —Ä–µ–∞–ª–∏–∑–∞—Ü–∏–∏ —Å–≤–æ–µ–π —Å—Ç—Ä–∞—Ç–µ–≥–∏–∏?
‚Äî –ï—Å–ª–∏ –±—ã —Ç—ã –º–æ–≥ –¥–∞—Ç—å –æ–¥–∏–Ω —Å–æ–≤–µ—Ç —Å–µ–±–µ –±—É–¥—É—â–µ–º—É –æ—Ç–Ω–æ—Å–∏—Ç–µ–ª—å–Ω–æ –∫–∞—Ä—å–µ—Ä–Ω–æ–≥–æ —Ä–∞–∑–≤–∏—Ç–∏—è, —á—Ç–æ –±—ã —ç—Ç–æ –±—ã–ª–æ?"
"–ß—Ç–æ –µ—â—ë –≤–∞–º –ø—Ä–∏—à–ª–æ –≤ –≥–æ–ª–æ–≤—É –∏–∑ —Ç–æ–≥–æ, —á—Ç–æ –≤—ã —Ö–æ—Ç–∏—Ç–µ –¥–µ–ª–∞—Ç—å –Ω–∞ –Ω–æ–≤–æ–π —Ä–∞–±–æ—Ç–µ?",,,,,,,,,,
–í –∫–∞–∫–æ–π –∫–æ–º–ø–∞–Ω–∏–∏ —è —Ö–æ—á—É —Ä–∞–±–æ—Ç–∞—Ç—å,,,,,,,,–í –∫–∞–∫–æ–π –∫–æ–º–ø–∞–Ω–∏–∏ —è –ù–ï —Ö–æ—á—É —Ä–∞–±–æ—Ç–∞—Ç—å,,
"–¢–∏–ø –∫–æ–º–ø–∞–Ω–∏–∏: –º–µ–∂–¥—É–Ω–∞—Ä–æ–¥–Ω–∞—è, –ª–æ–∫–∞–ª—å–Ω–∞—è, —Ä—É—Å—Å–∫–æ—è–∑—ã—á–Ω–∞—è, –∫–æ–º–ø–∞–Ω–∏—è –≤ –†–æ—Å—Å–∏–∏",,,,,,,,,,
–†–∞–∑–º–µ—Ä –∫–æ–º–ø–∞–Ω–∏–∏,,,,,,,,,,
–õ–æ–∫–∞—Ü–∏—è –∫–æ–º–ø–∞–Ω–∏–∏,,,,,,,,,,
–≠—Ç–∞–ø —Ä–∞–∑–≤–∏—Ç–∏—è –∫–æ–º–ø–∞–Ω–∏–∏,,,,,,,,,,
–ö–∞–∫–æ–π —Ä—É–∫–æ–≤–æ–¥–∏—Ç–µ–ª—å –º–Ω–µ –≤–∞–∂–µ–Ω,,,,,,,,,,
–ö–∞–∫–∞—è –∫–æ–º–∞–Ω–¥–∞ –º–Ω–µ –≤–∞–∂–Ω–∞,,,,,,,,,,
–ß—Ç–æ –µ—â–µ –º–Ω–µ –≤–∞–∂–Ω–æ –ø—Ä–æ –∫–æ–º–ø–∞–Ω–∏—é,,,,,,,,,,
–ö–∞–∫–∏–µ —Ü–µ–Ω–Ω–æ—Å—Ç–∏ –∫–æ–º–ø–∞–Ω–∏–∏ –º–Ω–µ –≤–∞–∂–Ω—ã,,,,,,,,,,
–ö–∞–∫–∏–µ –ø–µ—Ä—Å–ø–µ–∫—Ç–∏–≤—ã –º–Ω–µ –≤–∞–∂–Ω—ã –≤ –ø—Ä–æ—Ñ–µ—Å—Å–∏–∏,,,,,,,,–ö–∞–∫–∏–µ –ø–µ—Ä—Å–ø–µ–∫—Ç–∏–≤—ã –≤ –ø—Ä–æ—Ñ–µ—Å—Å–∏–∏ –º–Ω–µ –∫–∞—Ç–µ–≥–æ—Ä–∏—á–µ—Å–∫–∏ –ù–ï –∏–Ω—Ç–µ—Ä–µ—Å–Ω—ã,,
–ö—É–¥–∞ —è —Ö–æ—á—É –≤—ã—Ä–∞—Å—Ç–∏ –≤ —Å–≤–æ–µ–π –ø—Ä–æ—Ñ–µ—Å—Å–∏–∏?,,,,,,,,,,
–ö—É–¥–∞ —è —Ö–æ—á—É –≤—ã—Ä–∞—Å—Ç–∏ (–∏ —Ö–æ—á—É –ª–∏) –ø–æ –≥—Ä–µ–π–¥—É?,,,,,,,,,,
,,,,,,,,,,
–ö–∞–∫–∏–µ —É—Å–ª–æ–≤–∏—è —Ä–∞–±–æ—Ç—ã —è —Ö–æ—á—É,,,,,,,,–ù–∞ –∫–∞–∫–∏–µ —É—Å–ª–æ–≤–∏—è —Ä–∞–±–æ—Ç—ã —è –∫–∞—Ç–µ–≥–æ—Ä–∏—á–µ—Å–∫–∏ –ù–ï —Å–æ–≥–ª–∞—à—É—Å—å –Ω–∏–∫–æ–≥–¥–∞ –≤ –∂–∏–∑–Ω–∏,,
"–∑–∞—Ä–ø–ª–∞—Ç–∞: –º–∏–Ω–∏–º—É–º, –æ–ø—Ç–∏–º—É–º, –±–æ–Ω—É—Å—ã, –æ–ø—Ü–∏–æ–Ω—ã",,,,,,,,,,
"—É–¥–∞–ª–µ–Ω–∫–∞, –≥–∏–±—Ä–∏–¥, –æ—Ñ–∏—Å",,,,,,,,,,
—Å–æ—Ü –ø–∞–∫–µ—Ç,,,,,,,,,,
—á—Ç–æ –µ—â–µ –≤–∞–∂–Ω–æ,,,,,,,,,,
,,,,,,,,,,
–ï—Å–ª–∏ —Ä–∞–±–æ—Ç–∞ –Ω–µ –≤ –†–æ—Å—Å–∏–∏: ,,,,,,,,"–Ø —Ö–æ—á—É —Ä–µ–ª–æ–∫–µ–π—Ç, –Ω–æ –Ω–∞ —Ç–∞–∫–∏–µ —É—Å–ª–æ–≤–∏—è —è —Ç–æ—á–Ω–æ –ù–ï —Å–æ–≥–ª–∞—à—É—Å—å",,
–ö–∞–∫–∞—è —Å—Ç—Ä–∞–Ω–∞/—Å—Ç—Ä–∞–Ω—ã,,,,,,,,,,
–ö–∞–∫–∏–µ –∫—Ä–∏—Ç–µ—Ä–∏–∏ –≤—ã–±–æ—Ä–∞ —Å—Ç—Ä–∞–Ω—ã –≤–∞–∂–Ω—ã –¥–ª—è –≤–∞—Å,,,,,,,,,,
–ö–∞–∫–∏–µ —É—Å–ª–æ–≤–∏—è –ø–æ —Ä–µ–ª–æ–∫–µ–π—Ç—É,,,,,,,,,,
–ù–∞—Å–∫–æ–ª—å–∫–æ –≤–∞–∂–Ω–∞ –ª—ë–≥–∫–æ—Å—Ç—å –ª–µ–≥–∞–ª–∏–∑–∞—Ü–∏–∏ –∏ –∫–∞–∫–∞—è –ª–µ–≥–∞–ª–∏–∑–∞—Ü–∏—è –≤–∞–º –ø–æ–¥–æ–π–¥–µ—Ç,,,,,,,,,,
–ù–∞ –∫–∞–∫—É—é —Å—Ç–æ–∏–º–æ—Å—Ç—å –∂–∏–∑–Ω–∏ –ø—Ä–µ—Ç–µ–Ω–¥—É–µ—Ç–µ,,,,,,,,,,
"–í—Å—ë –æ—Å—Ç–∞–ª—å–Ω–æ–µ, —á—Ç–æ –≤–∞–∂–Ω–æ –ª–∏—á–Ω–æ –≤–∞–º",,,,,,,,,,
"–≤—Å–µ, —á—Ç–æ –≤–∞–∂–Ω–æ –ª–∏—á–Ω–æ –≤–∞–º",,,,,,,,,,